<?xml version="1.0" encoding="UTF-8"?>
<w:WantList w:release="2.0" w:product="NIEM" xmlns:w="http://niem.gov/niem/wantlist/1">
  <w:Element w:prefix="im" w:name="AlienBirthCountryName" w:isReference="false"/>
  <w:Element w:prefix="im" w:name="AlienImmigrationStatus" w:isReference="false"/>
  <w:Element w:prefix="im" w:name="AlienNumber" w:isReference="false"/>
  <w:Element w:prefix="im" w:name="AlienStudent" w:isReference="false"/>
  <w:Element w:prefix="im" w:name="CitizenshipCertificateIdentification" w:isReference="false"/>
  <w:Element w:prefix="im" w:name="CitizenshipNaturalizationDate" w:isReference="false"/>
  <w:Element w:prefix="im" w:name="ImmigrationStatusCode" w:isReference="false"/>
  <w:Element w:prefix="nc" w:name="BinaryBase64Object" w:isReference="false"/>
  <w:Element w:prefix="nc" w:name="BinaryObject" w:isReference="false"/>
  <w:Element w:prefix="nc" w:name="Date" w:isReference="false"/>
  <w:Element w:prefix="nc" w:name="DateTime" w:isReference="false"/>
  <w:Element w:prefix="nc" w:name="Passport" w:isReference="false"/>
  <w:Element w:prefix="nc" w:name="PassportNumberIdentification" w:isReference="false"/>
  <w:Element w:prefix="nc" w:name="Person" w:isReference="false"/>
  <w:Element w:prefix="nc" w:name="PersonBirthDate" w:isReference="false"/>
  <w:Element w:prefix="nc" w:name="PersonDigitalImage" w:isReference="false"/>
  <w:Element w:prefix="nc" w:name="PersonName" w:isReference="false"/>
  <w:Element w:prefix="nc" w:name="PersonNationalityText" w:isReference="false"/>
  <w:Element w:prefix="nc" w:name="PersonSSNIdentification" w:isReference="false"/>
  <w:Element w:prefix="nc" w:name="PersonSexCode" w:isReference="false"/>
  <w:Element w:prefix="nc" w:name="PersonSexText" w:isReference="false"/>
  <w:Element w:prefix="scr" w:name="EntryDate" w:isReference="false"/>
  <w:Element w:prefix="scr" w:name="PortOfEntryCode" w:isReference="false"/>
  <w:Element w:prefix="scr" w:name="Visa" w:isReference="false"/>
  <w:Element w:prefix="scr" w:name="VisaNumberID" w:isReference="false"/>
  <w:Type w:prefix="im" w:name="ImmigrationStatusType" w:isRequested="false">
    <w:ElementInType w:prefix="im" w:name="ImmigrationStatusCode" w:isReference="false"/>
  </w:Type>
  <w:Type w:prefix="nc" w:name="BinaryType" w:isRequested="true">
    <w:ElementInType w:prefix="nc" w:name="BinaryObject" w:isReference="false"/>
  </w:Type>
  <w:Type w:prefix="nc" w:name="DateType" w:isRequested="true">
    <w:ElementInType w:prefix="nc" w:name="DateRepresentation" w:isReference="false"/>
  </w:Type>
  <w:Type w:prefix="nc" w:name="IdentificationType" w:isRequested="false">
    <w:ElementInType w:prefix="nc" w:name="IdentificationEffectiveDate" w:isReference="false"/>
    <w:ElementInType w:prefix="nc" w:name="IdentificationExpirationDate" w:isReference="false"/>
    <w:ElementInType w:prefix="nc" w:name="IdentificationID" w:isReference="false"/>
    <w:ElementInType w:prefix="nc" w:name="IdentificationStatus" w:isReference="false"/>
  </w:Type>
  <w:Type w:prefix="nc" w:name="ImageType" w:isRequested="true"/>
  <w:Type w:prefix="nc" w:name="PassportType" w:isRequested="false">
    <w:ElementInType w:prefix="nc" w:name="PassportNumberIdentification" w:isReference="false"/>
    <w:ElementInType w:prefix="nc" w:name="PersonDigitalImage" w:isReference="false"/>
  </w:Type>
  <w:Type w:prefix="nc" w:name="PersonNameType" w:isRequested="false">
    <w:ElementInType w:prefix="nc" w:name="PersonGivenName" w:isReference="false"/>
    <w:ElementInType w:prefix="nc" w:name="PersonMiddleName" w:isReference="false"/>
    <w:ElementInType w:prefix="nc" w:name="PersonSurName" w:isReference="false"/>
  </w:Type>
  <w:Type w:prefix="nc" w:name="StatusType" w:isRequested="false">
    <w:ElementInType w:prefix="nc" w:name="StatusText" w:isReference="false"/>
  </w:Type>
  <w:Type w:prefix="nc" w:name="PersonType" w:isRequested="false">
    <w:ElementInType w:prefix="nc" w:name="PersonBirthDate" w:isReference="false"/>
    <w:ElementInType w:prefix="nc" w:name="PersonName" w:isReference="false"/>
    <w:ElementInType w:prefix="nc" w:name="PersonNationalityText" w:isReference="false"/>
    <w:ElementInType w:prefix="nc" w:name="PersonSex" w:isReference="false"/>
  </w:Type>
  <w:Type w:prefix="scr" w:name="VisaType" w:isRequested="false">
    <w:ElementInType w:prefix="scr" w:name="VisaNumberID" w:isReference="false"/>
  </w:Type>
</w:WantList>
